{
  "input_path": "./data/SMP_Final_Origin2_10/",
  "output_dir": "./result/SMP_data_slu_10/",
  "dataset": "smp",
  "episode_num": 50,
  "support_shots": 10,
  "query_shot": 8,
  "way": -1,
  "min_domain_size": 50,
  "min_label_appear": 2,
  "task": "slu",
  "mark": "try",
  "dup_query": false,
  "allow_override": true,
  "check": true,
  "style": "fs",
  "intent_as_domain": false,
  "seed": 0,
  "split_basis": "domain",
  "eval_config": "D:/Data/Project/Data/MetaData/config/config0.json",
  "eval_config_id": 0,
  "label_type": "both",
  "remove_rate": 80.0,
  "use_fix_support": true
}