{"input_path": "D:/Data/Project/Data/stanford/", "output_dir": "D:/Data/Project/Data/MetaData/", "dataset": "stanford", "episode_num": 200, "support_shots": 5, "query_shot": 32, "way": -1, "min_domain_size": 50, "min_label_appear": 2, "task": "mlc", "mark": "2", "dup_query": false, "allow_override": true, "check": true, "style": "fs", "intent_as_domain": false, "seed": 0, "split_basis": "domain", "eval_config": "D:/Data/Project/Data/MetaData/config/config2.json", "eval_config_id": 2, "label_type": "both"}